Unnamed: 0,read_name,cigar,chromosome,ref_positions,query_sequence,alts,refs,snp_pos,bases,alt_matches
56048,SRR1773555.57095399,36M125N64M,Chr1,"[2341622, 2341623, 2341624, 2341625, 2341626, 2341627, 2341628, 2341629, 2341630, 2341631, 2341632, 2341633, 2341634, 2341635, 2341636, 2341637, 2341638, 2341639, 2341640, 2341641, 2341642, 2341643, 2341644, 2341645, 2341646, 2341647, 2341648, 2341649, 2341650, 2341651, 2341652, 2341653, 2341654, 2341655, 2341656, 2341657, 2341783, 2341784, 2341785, 2341786, 2341787, 2341788, 2341789, 2341790, 2341791, 2341792, 2341793, 2341794, 2341795, 2341796, 2341797, 2341798, 2341799, 2341800, 2341801, 2341802, 2341803, 2341804, 2341805, 2341806, 2341807, 2341808, 2341809, 2341810, 2341811, 2341812, 2341813, 2341814, 2341815, 2341816, 2341817, 2341818, 2341819, 2341820, 2341821, 2341822, 2341823, 2341824, 2341825, 2341826, 2341827, 2341828, 2341829, 2341830, 2341831, 2341832, 2341833, 2341834, 2341835, 2341836, 2341837, 2341838, 2341839, 2341840, 2341841, 2341842, 2341843, 2341844, 2341845, 2341846]",ATGTGGCTCCTCCTGCAAATGTGGTGACTCTTGCAGTTGCGAGAAGAACTACAACAAGGAGTGCGACAACTGTAGCTGTGGATCAAACTGCAGCTGCGGG,"['T', 'C']","['G', 'T']","[2341653, 2341814]","['T', 'C']",2
122382,SRR1773555.35661350,95M,Chr1,"[3923243, 3923244, 3923245, 3923246, 3923247, 3923248, 3923249, 3923250, 3923251, 3923252, 3923253, 3923254, 3923255, 3923256, 3923257, 3923258, 3923259, 3923260, 3923261, 3923262, 3923263, 3923264, 3923265, 3923266, 3923267, 3923268, 3923269, 3923270, 3923271, 3923272, 3923273, 3923274, 3923275, 3923276, 3923277, 3923278, 3923279, 3923280, 3923281, 3923282, 3923283, 3923284, 3923285, 3923286, 3923287, 3923288, 3923289, 3923290, 3923291, 3923292, 3923293, 3923294, 3923295, 3923296, 3923297, 3923298, 3923299, 3923300, 3923301, 3923302, 3923303, 3923304, 3923305, 3923306, 3923307, 3923308, 3923309, 3923310, 3923311, 3923312, 3923313, 3923314, 3923315, 3923316, 3923317, 3923318, 3923319, 3923320, 3923321, 3923322, 3923323, 3923324, 3923325, 3923326, 3923327, 3923328, 3923329, 3923330, 3923331, 3923332, 3923333, 3923334, 3923335, 3923336, 3923337]",GCATTGACGAAGGATGAGTTATTGGAGGCCAAACAGAGAGAGAACTCTTTAGTGGAGCAAGATCTGAAGATGGAATCTACAAAGGATAAAAAAAA,"['T', 'T']","['C', 'G']","[3923266, 3923321]","['T', 'T']",2
472271,SRR1773555.1997013,3M126N97M,Chr1,"[19739275, 19739276, 19739277, 19739404, 19739405, 19739406, 19739407, 19739408, 19739409, 19739410, 19739411, 19739412, 19739413, 19739414, 19739415, 19739416, 19739417, 19739418, 19739419, 19739420, 19739421, 19739422, 19739423, 19739424, 19739425, 19739426, 19739427, 19739428, 19739429, 19739430, 19739431, 19739432, 19739433, 19739434, 19739435, 19739436, 19739437, 19739438, 19739439, 19739440, 19739441, 19739442, 19739443, 19739444, 19739445, 19739446, 19739447, 19739448, 19739449, 19739450, 19739451, 19739452, 19739453, 19739454, 19739455, 19739456, 19739457, 19739458, 19739459, 19739460, 19739461, 19739462, 19739463, 19739464, 19739465, 19739466, 19739467, 19739468, 19739469, 19739470, 19739471, 19739472, 19739473, 19739474, 19739475, 19739476, 19739477, 19739478, 19739479, 19739480, 19739481, 19739482, 19739483, 19739484, 19739485, 19739486, 19739487, 19739488, 19739489, 19739490, 19739491, 19739492, 19739493, 19739494, 19739495, 19739496, 19739497, 19739498, 19739499, 19739500]",GTGGTAAGAGTTACAAACCTGGAAGATGCATCTGAGCACATTGGAGAAGTACTGAGGCGTGTTAAGAAGGAGCACTTGCAGAGAGCGTATAAAATAAAGG,"['A', 'T', 'G']","['T', 'C', 'A']","[19739446, 19739464, 19739470]","['A', 'T', 'G']",3
718979,SRR1773555.14766467,100M,Chr1,"[26001174, 26001175, 26001176, 26001177, 26001178, 26001179, 26001180, 26001181, 26001182, 26001183, 26001184, 26001185, 26001186, 26001187, 26001188, 26001189, 26001190, 26001191, 26001192, 26001193, 26001194, 26001195, 26001196, 26001197, 26001198, 26001199, 26001200, 26001201, 26001202, 26001203, 26001204, 26001205, 26001206, 26001207, 26001208, 26001209, 26001210, 26001211, 26001212, 26001213, 26001214, 26001215, 26001216, 26001217, 26001218, 26001219, 26001220, 26001221, 26001222, 26001223, 26001224, 26001225, 26001226, 26001227, 26001228, 26001229, 26001230, 26001231, 26001232, 26001233, 26001234, 26001235, 26001236, 26001237, 26001238, 26001239, 26001240, 26001241, 26001242, 26001243, 26001244, 26001245, 26001246, 26001247, 26001248, 26001249, 26001250, 26001251, 26001252, 26001253, 26001254, 26001255, 26001256, 26001257, 26001258, 26001259, 26001260, 26001261, 26001262, 26001263, 26001264, 26001265, 26001266, 26001267, 26001268, 26001269, 26001270, 26001271, 26001272, 26001273]",TTCAAGTTCTGATCTCTTCGAGTTGCAAAACTACGAATTATCTCGTGGAGGCTTGCCAGTCTACGAGACTACCAATGTAGCTAACATCAACAACACTCAT,"['C', 'C']","['T', 'G']","[26001205, 26001268]","['C', 'C']",2
942768,SRR1773555.4248003,100M,Chr2,"[7498875, 7498876, 7498877, 7498878, 7498879, 7498880, 7498881, 7498882, 7498883, 7498884, 7498885, 7498886, 7498887, 7498888, 7498889, 7498890, 7498891, 7498892, 7498893, 7498894, 7498895, 7498896, 7498897, 7498898, 7498899, 7498900, 7498901, 7498902, 7498903, 7498904, 7498905, 7498906, 7498907, 7498908, 7498909, 7498910, 7498911, 7498912, 7498913, 7498914, 7498915, 7498916, 7498917, 7498918, 7498919, 7498920, 7498921, 7498922, 7498923, 7498924, 7498925, 7498926, 7498927, 7498928, 7498929, 7498930, 7498931, 7498932, 7498933, 7498934, 7498935, 7498936, 7498937, 7498938, 7498939, 7498940, 7498941, 7498942, 7498943, 7498944, 7498945, 7498946, 7498947, 7498948, 7498949, 7498950, 7498951, 7498952, 7498953, 7498954, 7498955, 7498956, 7498957, 7498958, 7498959, 7498960, 7498961, 7498962, 7498963, 7498964, 7498965, 7498966, 7498967, 7498968, 7498969, 7498970, 7498971, 7498972, 7498973, 7498974]",ATTGCCACCGCCGATGCCTTATGATCCTCCGGAAGAAGATGAAGAAGAGGAAGAGAAGAAAGAAGAGGAAGAAGAAAACCCAGACCAAGAAGAAGAGGAA,"['G', 'A']","['A', 'G']","[7498885, 7498912]","['G', 'A']",2
1065157,SRR1773555.18775010,100M,Chr2,"[11928947, 11928948, 11928949, 11928950, 11928951, 11928952, 11928953, 11928954, 11928955, 11928956, 11928957, 11928958, 11928959, 11928960, 11928961, 11928962, 11928963, 11928964, 11928965, 11928966, 11928967, 11928968, 11928969, 11928970, 11928971, 11928972, 11928973, 11928974, 11928975, 11928976, 11928977, 11928978, 11928979, 11928980, 11928981, 11928982, 11928983, 11928984, 11928985, 11928986, 11928987, 11928988, 11928989, 11928990, 11928991, 11928992, 11928993, 11928994, 11928995, 11928996, 11928997, 11928998, 11928999, 11929000, 11929001, 11929002, 11929003, 11929004, 11929005, 11929006, 11929007, 11929008, 11929009, 11929010, 11929011, 11929012, 11929013, 11929014, 11929015, 11929016, 11929017, 11929018, 11929019, 11929020, 11929021, 11929022, 11929023, 11929024, 11929025, 11929026, 11929027, 11929028, 11929029, 11929030, 11929031, 11929032, 11929033, 11929034, 11929035, 11929036, 11929037, 11929038, 11929039, 11929040, 11929041, 11929042, 11929043, 11929044, 11929045, 11929046]",GAAGTTGTTGTGGAAAAGATTATGTTCAGCGATTGGGAGAATGGGTACAACGCTATGACTGATACATACGAGAATCTGTTCGAAGCTGGAGGGATTGATC,"['T', 'C']","['A', 'T']","[11929001, 11929016]","['T', 'C']",2
1338686,SRR1773555.20646925,100M,Chr3,"[3580113, 3580114, 3580115, 3580116, 3580117, 3580118, 3580119, 3580120, 3580121, 3580122, 3580123, 3580124, 3580125, 3580126, 3580127, 3580128, 3580129, 3580130, 3580131, 3580132, 3580133, 3580134, 3580135, 3580136, 3580137, 3580138, 3580139, 3580140, 3580141, 3580142, 3580143, 3580144, 3580145, 3580146, 3580147, 3580148, 3580149, 3580150, 3580151, 3580152, 3580153, 3580154, 3580155, 3580156, 3580157, 3580158, 3580159, 3580160, 3580161, 3580162, 3580163, 3580164, 3580165, 3580166, 3580167, 3580168, 3580169, 3580170, 3580171, 3580172, 3580173, 3580174, 3580175, 3580176, 3580177, 3580178, 3580179, 3580180, 3580181, 3580182, 3580183, 3580184, 3580185, 3580186, 3580187, 3580188, 3580189, 3580190, 3580191, 3580192, 3580193, 3580194, 3580195, 3580196, 3580197, 3580198, 3580199, 3580200, 3580201, 3580202, 3580203, 3580204, 3580205, 3580206, 3580207, 3580208, 3580209, 3580210, 3580211, 3580212]",TGAGAACTCTGTGCGTGTGACCAATCTGTCCGAGGATACCCGTGAACCTGACTTGATGGAGCTGTTCCATCCGTTTGGAGCTGTCACACGTGTCTATGTG,"['G', 'T']","['A', 'C']","[3580132, 3580183]","['G', 'T']",2
1428982,SRR1773555.19706240,100M,Chr3,"[6193167, 6193168, 6193169, 6193170, 6193171, 6193172, 6193173, 6193174, 6193175, 6193176, 6193177, 6193178, 6193179, 6193180, 6193181, 6193182, 6193183, 6193184, 6193185, 6193186, 6193187, 6193188, 6193189, 6193190, 6193191, 6193192, 6193193, 6193194, 6193195, 6193196, 6193197, 6193198, 6193199, 6193200, 6193201, 6193202, 6193203, 6193204, 6193205, 6193206, 6193207, 6193208, 6193209, 6193210, 6193211, 6193212, 6193213, 6193214, 6193215, 6193216, 6193217, 6193218, 6193219, 6193220, 6193221, 6193222, 6193223, 6193224, 6193225, 6193226, 6193227, 6193228, 6193229, 6193230, 6193231, 6193232, 6193233, 6193234, 6193235, 6193236, 6193237, 6193238, 6193239, 6193240, 6193241, 6193242, 6193243, 6193244, 6193245, 6193246, 6193247, 6193248, 6193249, 6193250, 6193251, 6193252, 6193253, 6193254, 6193255, 6193256, 6193257, 6193258, 6193259, 6193260, 6193261, 6193262, 6193263, 6193264, 6193265, 6193266]",AAAGAGAGGCTTCCAAAATTCACGGAGAAAGAAGTGAAAATGGTGAAAGGTTCCATAGATTTTGTGGGAATAAACCAATACACGACTTATTATATGTCCG,"['A', 'T']","['G', 'C']","[6193185, 6193260]","['A', 'T']",2
1548858,SRR1773555.19458125,8M3767N78M6634N14M,Chr3,"[15984543, 15984544, 15984545, 15984546, 15984547, 15984548, 15984549, 15984550, 15988318, 15988319, 15988320, 15988321, 15988322, 15988323, 15988324, 15988325, 15988326, 15988327, 15988328, 15988329, 15988330, 15988331, 15988332, 15988333, 15988334, 15988335, 15988336, 15988337, 15988338, 15988339, 15988340, 15988341, 15988342, 15988343, 15988344, 15988345, 15988346, 15988347, 15988348, 15988349, 15988350, 15988351, 15988352, 15988353, 15988354, 15988355, 15988356, 15988357, 15988358, 15988359, 15988360, 15988361, 15988362, 15988363, 15988364, 15988365, 15988366, 15988367, 15988368, 15988369, 15988370, 15988371, 15988372, 15988373, 15988374, 15988375, 15988376, 15988377, 15988378, 15988379, 15988380, 15988381, 15988382, 15988383, 15988384, 15988385, 15988386, 15988387, 15988388, 15988389, 15988390, 15988391, 15988392, 15988393, 15988394, 15988395, 15995030, 15995031, 15995032, 15995033, 15995034, 15995035, 15995036, 15995037, 15995038, 15995039, 15995040, 15995041, 15995042, 15995043]",CGCCAAAGGCATTGAGCTTTATTGTGCACCTACTGCTGATGGTTCGAAAGAATGGCAATCATCGATGCTTCATATTGCGATTGAAGGTGGATGTTTCGTG,"['T', 'T']","['C', 'C']","[15988383, 15988392]","['T', 'T']",2
1816464,SRR1773555.16127844,99M,Chr4,"[5840110, 5840111, 5840112, 5840113, 5840114, 5840115, 5840116, 5840117, 5840118, 5840119, 5840120, 5840121, 5840122, 5840123, 5840124, 5840125, 5840126, 5840127, 5840128, 5840129, 5840130, 5840131, 5840132, 5840133, 5840134, 5840135, 5840136, 5840137, 5840138, 5840139, 5840140, 5840141, 5840142, 5840143, 5840144, 5840145, 5840146, 5840147, 5840148, 5840149, 5840150, 5840151, 5840152, 5840153, 5840154, 5840155, 5840156, 5840157, 5840158, 5840159, 5840160, 5840161, 5840162, 5840163, 5840164, 5840165, 5840166, 5840167, 5840168, 5840169, 5840170, 5840171, 5840172, 5840173, 5840174, 5840175, 5840176, 5840177, 5840178, 5840179, 5840180, 5840181, 5840182, 5840183, 5840184, 5840185, 5840186, 5840187, 5840188, 5840189, 5840190, 5840191, 5840192, 5840193, 5840194, 5840195, 5840196, 5840197, 5840198, 5840199, 5840200, 5840201, 5840202, 5840203, 5840204, 5840205, 5840206, 5840207, 5840208]",GACGCCGGAGACAGAGACTGTGAAGTCAGAGGTTCTCAACCACGTGGCGGAGGATTCAGAGCAGACACATGAAGTGACGCCGGAGACAGAGACTGTGAA,"['C', 'G']","['A', 'A']","[5840122, 5840135]","['C', 'G']",2
1817764,SRR1773555.25508479,100M,Chr4,"[5924107, 5924108, 5924109, 5924110, 5924111, 5924112, 5924113, 5924114, 5924115, 5924116, 5924117, 5924118, 5924119, 5924120, 5924121, 5924122, 5924123, 5924124, 5924125, 5924126, 5924127, 5924128, 5924129, 5924130, 5924131, 5924132, 5924133, 5924134, 5924135, 5924136, 5924137, 5924138, 5924139, 5924140, 5924141, 5924142, 5924143, 5924144, 5924145, 5924146, 5924147, 5924148, 5924149, 5924150, 5924151, 5924152, 5924153, 5924154, 5924155, 5924156, 5924157, 5924158, 5924159, 5924160, 5924161, 5924162, 5924163, 5924164, 5924165, 5924166, 5924167, 5924168, 5924169, 5924170, 5924171, 5924172, 5924173, 5924174, 5924175, 5924176, 5924177, 5924178, 5924179, 5924180, 5924181, 5924182, 5924183, 5924184, 5924185, 5924186, 5924187, 5924188, 5924189, 5924190, 5924191, 5924192, 5924193, 5924194, 5924195, 5924196, 5924197, 5924198, 5924199, 5924200, 5924201, 5924202, 5924203, 5924204, 5924205, 5924206]",CATTGTATCCGGCCCTGTTGTTGCTATGATCTGGGAAGGAAAGAATGTTGTGTTGACAGGAAGAAAGATCATTGGAGCTACCAACCCTGCAGCTTCTGAG,"['G', 'T']","['C', 'A']","[5924159, 5924195]","['G', 'T']",2
2023759,SRR1773555.32529287,100M,Chr4,"[11808866, 11808867, 11808868, 11808869, 11808870, 11808871, 11808872, 11808873, 11808874, 11808875, 11808876, 11808877, 11808878, 11808879, 11808880, 11808881, 11808882, 11808883, 11808884, 11808885, 11808886, 11808887, 11808888, 11808889, 11808890, 11808891, 11808892, 11808893, 11808894, 11808895, 11808896, 11808897, 11808898, 11808899, 11808900, 11808901, 11808902, 11808903, 11808904, 11808905, 11808906, 11808907, 11808908, 11808909, 11808910, 11808911, 11808912, 11808913, 11808914, 11808915, 11808916, 11808917, 11808918, 11808919, 11808920, 11808921, 11808922, 11808923, 11808924, 11808925, 11808926, 11808927, 11808928, 11808929, 11808930, 11808931, 11808932, 11808933, 11808934, 11808935, 11808936, 11808937, 11808938, 11808939, 11808940, 11808941, 11808942, 11808943, 11808944, 11808945, 11808946, 11808947, 11808948, 11808949, 11808950, 11808951, 11808952, 11808953, 11808954, 11808955, 11808956, 11808957, 11808958, 11808959, 11808960, 11808961, 11808962, 11808963, 11808964, 11808965]",TGTGAGGCAATTGTGGGCTTACATAAGGAAGAATAACCTCCAAGACCCGAGTAACAAGCGGAAGATCATCTGTGATGATGCTTTGCGTGTGGTTTTTGAG,"['C', 'C', 'T']","['T', 'T', 'G']","[11808888, 11808906, 11808948]","['C', 'C', 'T']",3
2194149,SRR1773555.15468764,92M,Chr5,"[455294, 455295, 455296, 455297, 455298, 455299, 455300, 455301, 455302, 455303, 455304, 455305, 455306, 455307, 455308, 455309, 455310, 455311, 455312, 455313, 455314, 455315, 455316, 455317, 455318, 455319, 455320, 455321, 455322, 455323, 455324, 455325, 455326, 455327, 455328, 455329, 455330, 455331, 455332, 455333, 455334, 455335, 455336, 455337, 455338, 455339, 455340, 455341, 455342, 455343, 455344, 455345, 455346, 455347, 455348, 455349, 455350, 455351, 455352, 455353, 455354, 455355, 455356, 455357, 455358, 455359, 455360, 455361, 455362, 455363, 455364, 455365, 455366, 455367, 455368, 455369, 455370, 455371, 455372, 455373, 455374, 455375, 455376, 455377, 455378, 455379, 455380, 455381, 455382, 455383, 455384, 455385]",CGGAGAGGTTCTAGAGGATAAGCTAGTAAACCAGGAGCTAGAGGCTGGTTTGCTTCTGGAGTTTAAGAAGGACGCAGAGAGAGGATTGTTGG,"['G', 'A']","['C', 'G']","[455373, 455379]","['G', 'A']",2
2194537,SRR1773555.15468764,70M91N30M,Chr5,"[455366, 455367, 455368, 455369, 455370, 455371, 455372, 455373, 455374, 455375, 455376, 455377, 455378, 455379, 455380, 455381, 455382, 455383, 455384, 455385, 455386, 455387, 455388, 455389, 455390, 455391, 455392, 455393, 455394, 455395, 455396, 455397, 455398, 455399, 455400, 455401, 455402, 455403, 455404, 455405, 455406, 455407, 455408, 455409, 455410, 455411, 455412, 455413, 455414, 455415, 455416, 455417, 455418, 455419, 455420, 455421, 455422, 455423, 455424, 455425, 455426, 455427, 455428, 455429, 455430, 455431, 455432, 455433, 455434, 455435, 455527, 455528, 455529, 455530, 455531, 455532, 455533, 455534, 455535, 455536, 455537, 455538, 455539, 455540, 455541, 455542, 455543, 455544, 455545, 455546, 455547, 455548, 455549, 455550, 455551, 455552, 455553, 455554, 455555, 455556]",CGCAGAGAGAGTATTGTTGGCAGTTGTTCATAGACGTGATGGCAAGAAGAATTGGATGGTGTTTGATCAGAATGGTGTTAGTTGTTCCATCAAACCACAG,"['G', 'A', 'G']","['C', 'G', 'C']","[455373, 455379, 455392]","['G', 'A', 'G']",3
2219492,SRR1773555.20943,21M509N79M,Chr5,"[864559, 864560, 864561, 864562, 864563, 864564, 864565, 864566, 864567, 864568, 864569, 864570, 864571, 864572, 864573, 864574, 864575, 864576, 864577, 864578, 864579, 865089, 865090, 865091, 865092, 865093, 865094, 865095, 865096, 865097, 865098, 865099, 865100, 865101, 865102, 865103, 865104, 865105, 865106, 865107, 865108, 865109, 865110, 865111, 865112, 865113, 865114, 865115, 865116, 865117, 865118, 865119, 865120, 865121, 865122, 865123, 865124, 865125, 865126, 865127, 865128, 865129, 865130, 865131, 865132, 865133, 865134, 865135, 865136, 865137, 865138, 865139, 865140, 865141, 865142, 865143, 865144, 865145, 865146, 865147, 865148, 865149, 865150, 865151, 865152, 865153, 865154, 865155, 865156, 865157, 865158, 865159, 865160, 865161, 865162, 865163, 865164, 865165, 865166, 865167]",CGAATCATCGATTATTTCATGGCCAAATTGTACGCGTGGCTCGGATGGGAGTACAGGAAGCCAGCGAGAGCTCCTCCAGCTTGTCCTTTCAAGCCAGTTG,"['C', 'C']","['T', 'T']","[865092, 865139]","['C', 'C']",2
2219493,SRR1773555.7562779,21M509N79M,Chr5,"[864559, 864560, 864561, 864562, 864563, 864564, 864565, 864566, 864567, 864568, 864569, 864570, 864571, 864572, 864573, 864574, 864575, 864576, 864577, 864578, 864579, 865089, 865090, 865091, 865092, 865093, 865094, 865095, 865096, 865097, 865098, 865099, 865100, 865101, 865102, 865103, 865104, 865105, 865106, 865107, 865108, 865109, 865110, 865111, 865112, 865113, 865114, 865115, 865116, 865117, 865118, 865119, 865120, 865121, 865122, 865123, 865124, 865125, 865126, 865127, 865128, 865129, 865130, 865131, 865132, 865133, 865134, 865135, 865136, 865137, 865138, 865139, 865140, 865141, 865142, 865143, 865144, 865145, 865146, 865147, 865148, 865149, 865150, 865151, 865152, 865153, 865154, 865155, 865156, 865157, 865158, 865159, 865160, 865161, 865162, 865163, 865164, 865165, 865166, 865167]",CGAATCATCGATTATTTCATGGCCAAATTGTACGTGTGGCTCGGATGGGAGTACAGGAAGCCAGCGAGAGCTCCTCCAGCTTGTCCTTTCAAGCCAGTTG,"['C', 'C']","['T', 'T']","[865092, 865139]","['C', 'C']",2
2261480,SRR1773555.14492825,32M73N68M,Chr5,"[2823563, 2823564, 2823565, 2823566, 2823567, 2823568, 2823569, 2823570, 2823571, 2823572, 2823573, 2823574, 2823575, 2823576, 2823577, 2823578, 2823579, 2823580, 2823581, 2823582, 2823583, 2823584, 2823585, 2823586, 2823587, 2823588, 2823589, 2823590, 2823591, 2823592, 2823593, 2823594, 2823668, 2823669, 2823670, 2823671, 2823672, 2823673, 2823674, 2823675, 2823676, 2823677, 2823678, 2823679, 2823680, 2823681, 2823682, 2823683, 2823684, 2823685, 2823686, 2823687, 2823688, 2823689, 2823690, 2823691, 2823692, 2823693, 2823694, 2823695, 2823696, 2823697, 2823698, 2823699, 2823700, 2823701, 2823702, 2823703, 2823704, 2823705, 2823706, 2823707, 2823708, 2823709, 2823710, 2823711, 2823712, 2823713, 2823714, 2823715, 2823716, 2823717, 2823718, 2823719, 2823720, 2823721, 2823722, 2823723, 2823724, 2823725, 2823726, 2823727, 2823728, 2823729, 2823730, 2823731, 2823732, 2823733, 2823734, 2823735]",TTTTCATTGACAACATTTTCCGTTTCACTCAGGCCAACTCTGAAGTGTCTGCTTTGCTCGGTCGTATTCCGTCTGCTGTGGGGTACCAGCCAACTCTGGC,"['T', 'T']","['C', 'G']","[2823580, 2823689]","['T', 'T']",2
2347800,SRR1773555.50106021,100M,Chr5,"[5939291, 5939292, 5939293, 5939294, 5939295, 5939296, 5939297, 5939298, 5939299, 5939300, 5939301, 5939302, 5939303, 5939304, 5939305, 5939306, 5939307, 5939308, 5939309, 5939310, 5939311, 5939312, 5939313, 5939314, 5939315, 5939316, 5939317, 5939318, 5939319, 5939320, 5939321, 5939322, 5939323, 5939324, 5939325, 5939326, 5939327, 5939328, 5939329, 5939330, 5939331, 5939332, 5939333, 5939334, 5939335, 5939336, 5939337, 5939338, 5939339, 5939340, 5939341, 5939342, 5939343, 5939344, 5939345, 5939346, 5939347, 5939348, 5939349, 5939350, 5939351, 5939352, 5939353, 5939354, 5939355, 5939356, 5939357, 5939358, 5939359, 5939360, 5939361, 5939362, 5939363, 5939364, 5939365, 5939366, 5939367, 5939368, 5939369, 5939370, 5939371, 5939372, 5939373, 5939374, 5939375, 5939376, 5939377, 5939378, 5939379, 5939380, 5939381, 5939382, 5939383, 5939384, 5939385, 5939386, 5939387, 5939388, 5939389, 5939390]",AGGTAGATTTGATGCATATTGTTTCTTTCTTGTTGAGAGAGAGAAAGGCTATAGCATCCTTTGGATTTGCTGCGATGTTTGTGATTTTCTTTTTGTCTCC,"['T', 'C', 'G']","['G', 'A', 'A']","[5939311, 5939361, 5939365]","['T', 'C', 'G']",3
2393466,SRR1773555.58935651,2M85N43M3117N55M,Chr5,"[7924542, 7924543, 7924629, 7924630, 7924631, 7924632, 7924633, 7924634, 7924635, 7924636, 7924637, 7924638, 7924639, 7924640, 7924641, 7924642, 7924643, 7924644, 7924645, 7924646, 7924647, 7924648, 7924649, 7924650, 7924651, 7924652, 7924653, 7924654, 7924655, 7924656, 7924657, 7924658, 7924659, 7924660, 7924661, 7924662, 7924663, 7924664, 7924665, 7924666, 7924667, 7924668, 7924669, 7924670, 7924671, 7927789, 7927790, 7927791, 7927792, 7927793, 7927794, 7927795, 7927796, 7927797, 7927798, 7927799, 7927800, 7927801, 7927802, 7927803, 7927804, 7927805, 7927806, 7927807, 7927808, 7927809, 7927810, 7927811, 7927812, 7927813, 7927814, 7927815, 7927816, 7927817, 7927818, 7927819, 7927820, 7927821, 7927822, 7927823, 7927824, 7927825, 7927826, 7927827, 7927828, 7927829, 7927830, 7927831, 7927832, 7927833, 7927834, 7927835, 7927836, 7927837, 7927838, 7927839, 7927840, 7927841, 7927842, 7927843]",AGTGGGTATGTCATCTAGAAGATGGATCTGTGAATTACATTGATGGAGCAAAGAAGCCAAATTACCTTGTCACTGCTGATGATGTTGGTTTATGTCTTGC,"['A', 'T']","['C', 'C']","[7924635, 7924641]","['A', 'T']",2
2393469,SRR1773555.4105346,1M85N43M3117N56M,Chr5,"[7924543, 7924629, 7924630, 7924631, 7924632, 7924633, 7924634, 7924635, 7924636, 7924637, 7924638, 7924639, 7924640, 7924641, 7924642, 7924643, 7924644, 7924645, 7924646, 7924647, 7924648, 7924649, 7924650, 7924651, 7924652, 7924653, 7924654, 7924655, 7924656, 7924657, 7924658, 7924659, 7924660, 7924661, 7924662, 7924663, 7924664, 7924665, 7924666, 7924667, 7924668, 7924669, 7924670, 7924671, 7927789, 7927790, 7927791, 7927792, 7927793, 7927794, 7927795, 7927796, 7927797, 7927798, 7927799, 7927800, 7927801, 7927802, 7927803, 7927804, 7927805, 7927806, 7927807, 7927808, 7927809, 7927810, 7927811, 7927812, 7927813, 7927814, 7927815, 7927816, 7927817, 7927818, 7927819, 7927820, 7927821, 7927822, 7927823, 7927824, 7927825, 7927826, 7927827, 7927828, 7927829, 7927830, 7927831, 7927832, 7927833, 7927834, 7927835, 7927836, 7927837, 7927838, 7927839, 7927840, 7927841, 7927842, 7927843, 7927844]",GTGGGTATGTCATCTAGAAGATGGATCTGTGAATTACATTGATGGAGCAAAGAAGCCAAATTACCTTGTCACTGCTGATGATGTTGGTTTATGTCTTGCT,"['A', 'T']","['C', 'C']","[7924635, 7924641]","['A', 'T']",2
2393470,SRR1773555.4105346,1M85N43M3117N56M,Chr5,"[7924543, 7924629, 7924630, 7924631, 7924632, 7924633, 7924634, 7924635, 7924636, 7924637, 7924638, 7924639, 7924640, 7924641, 7924642, 7924643, 7924644, 7924645, 7924646, 7924647, 7924648, 7924649, 7924650, 7924651, 7924652, 7924653, 7924654, 7924655, 7924656, 7924657, 7924658, 7924659, 7924660, 7924661, 7924662, 7924663, 7924664, 7924665, 7924666, 7924667, 7924668, 7924669, 7924670, 7924671, 7927789, 7927790, 7927791, 7927792, 7927793, 7927794, 7927795, 7927796, 7927797, 7927798, 7927799, 7927800, 7927801, 7927802, 7927803, 7927804, 7927805, 7927806, 7927807, 7927808, 7927809, 7927810, 7927811, 7927812, 7927813, 7927814, 7927815, 7927816, 7927817, 7927818, 7927819, 7927820, 7927821, 7927822, 7927823, 7927824, 7927825, 7927826, 7927827, 7927828, 7927829, 7927830, 7927831, 7927832, 7927833, 7927834, 7927835, 7927836, 7927837, 7927838, 7927839, 7927840, 7927841, 7927842, 7927843, 7927844]",GTGGGTATGTCATCTAGAAGATGGATCTGTGAATTACATTGATGGAGCAAAGAAGCCAAATTACCTTGTCACTGCTGATGATGTTGGTTTATGTCTTGCT,"['A', 'T']","['C', 'C']","[7924635, 7924641]","['A', 'T']",2
2393471,SRR1773555.6029359,1M85N43M3117N56M,Chr5,"[7924543, 7924629, 7924630, 7924631, 7924632, 7924633, 7924634, 7924635, 7924636, 7924637, 7924638, 7924639, 7924640, 7924641, 7924642, 7924643, 7924644, 7924645, 7924646, 7924647, 7924648, 7924649, 7924650, 7924651, 7924652, 7924653, 7924654, 7924655, 7924656, 7924657, 7924658, 7924659, 7924660, 7924661, 7924662, 7924663, 7924664, 7924665, 7924666, 7924667, 7924668, 7924669, 7924670, 7924671, 7927789, 7927790, 7927791, 7927792, 7927793, 7927794, 7927795, 7927796, 7927797, 7927798, 7927799, 7927800, 7927801, 7927802, 7927803, 7927804, 7927805, 7927806, 7927807, 7927808, 7927809, 7927810, 7927811, 7927812, 7927813, 7927814, 7927815, 7927816, 7927817, 7927818, 7927819, 7927820, 7927821, 7927822, 7927823, 7927824, 7927825, 7927826, 7927827, 7927828, 7927829, 7927830, 7927831, 7927832, 7927833, 7927834, 7927835, 7927836, 7927837, 7927838, 7927839, 7927840, 7927841, 7927842, 7927843, 7927844]",GTGGGTATGTCATCTAGAAGATGGATCTGTGAATTACATTGATGGAGCAAAGAAGCCAAATTACCTTGTCACTGCTGATGATGTTGGTTTATGTCTTGCT,"['A', 'T']","['C', 'C']","[7924635, 7924641]","['A', 'T']",2
2393472,SRR1773555.6524168,1M85N43M3117N56M,Chr5,"[7924543, 7924629, 7924630, 7924631, 7924632, 7924633, 7924634, 7924635, 7924636, 7924637, 7924638, 7924639, 7924640, 7924641, 7924642, 7924643, 7924644, 7924645, 7924646, 7924647, 7924648, 7924649, 7924650, 7924651, 7924652, 7924653, 7924654, 7924655, 7924656, 7924657, 7924658, 7924659, 7924660, 7924661, 7924662, 7924663, 7924664, 7924665, 7924666, 7924667, 7924668, 7924669, 7924670, 7924671, 7927789, 7927790, 7927791, 7927792, 7927793, 7927794, 7927795, 7927796, 7927797, 7927798, 7927799, 7927800, 7927801, 7927802, 7927803, 7927804, 7927805, 7927806, 7927807, 7927808, 7927809, 7927810, 7927811, 7927812, 7927813, 7927814, 7927815, 7927816, 7927817, 7927818, 7927819, 7927820, 7927821, 7927822, 7927823, 7927824, 7927825, 7927826, 7927827, 7927828, 7927829, 7927830, 7927831, 7927832, 7927833, 7927834, 7927835, 7927836, 7927837, 7927838, 7927839, 7927840, 7927841, 7927842, 7927843, 7927844]",GTGGGTATGTCATCTAGAAGATGGATCTGTGAATTACATTGATGGAGCAAAGAAGCCAAATTACCTTGTCACTGCTGATGATGTTGGTTTATGTCTTGCT,"['A', 'T']","['C', 'C']","[7924635, 7924641]","['A', 'T']",2
2393474,SRR1773555.47981484,1M85N43M3117N56M,Chr5,"[7924543, 7924629, 7924630, 7924631, 7924632, 7924633, 7924634, 7924635, 7924636, 7924637, 7924638, 7924639, 7924640, 7924641, 7924642, 7924643, 7924644, 7924645, 7924646, 7924647, 7924648, 7924649, 7924650, 7924651, 7924652, 7924653, 7924654, 7924655, 7924656, 7924657, 7924658, 7924659, 7924660, 7924661, 7924662, 7924663, 7924664, 7924665, 7924666, 7924667, 7924668, 7924669, 7924670, 7924671, 7927789, 7927790, 7927791, 7927792, 7927793, 7927794, 7927795, 7927796, 7927797, 7927798, 7927799, 7927800, 7927801, 7927802, 7927803, 7927804, 7927805, 7927806, 7927807, 7927808, 7927809, 7927810, 7927811, 7927812, 7927813, 7927814, 7927815, 7927816, 7927817, 7927818, 7927819, 7927820, 7927821, 7927822, 7927823, 7927824, 7927825, 7927826, 7927827, 7927828, 7927829, 7927830, 7927831, 7927832, 7927833, 7927834, 7927835, 7927836, 7927837, 7927838, 7927839, 7927840, 7927841, 7927842, 7927843, 7927844]",GTGGGTATGTCATCTAGAAGATGGATCTGTGAATTACATTGATGGAGCAAAGAAGCCAAATTACCTTGTCACTGCTGATGATGTTGGTTTATGTCTTGCT,"['A', 'T']","['C', 'C']","[7924635, 7924641]","['A', 'T']",2
2393475,SRR1773555.51821833,1M85N43M3117N56M,Chr5,"[7924543, 7924629, 7924630, 7924631, 7924632, 7924633, 7924634, 7924635, 7924636, 7924637, 7924638, 7924639, 7924640, 7924641, 7924642, 7924643, 7924644, 7924645, 7924646, 7924647, 7924648, 7924649, 7924650, 7924651, 7924652, 7924653, 7924654, 7924655, 7924656, 7924657, 7924658, 7924659, 7924660, 7924661, 7924662, 7924663, 7924664, 7924665, 7924666, 7924667, 7924668, 7924669, 7924670, 7924671, 7927789, 7927790, 7927791, 7927792, 7927793, 7927794, 7927795, 7927796, 7927797, 7927798, 7927799, 7927800, 7927801, 7927802, 7927803, 7927804, 7927805, 7927806, 7927807, 7927808, 7927809, 7927810, 7927811, 7927812, 7927813, 7927814, 7927815, 7927816, 7927817, 7927818, 7927819, 7927820, 7927821, 7927822, 7927823, 7927824, 7927825, 7927826, 7927827, 7927828, 7927829, 7927830, 7927831, 7927832, 7927833, 7927834, 7927835, 7927836, 7927837, 7927838, 7927839, 7927840, 7927841, 7927842, 7927843, 7927844]",GTGGGTATGTCATCTAGAAGATGGATCTGTGAATTACATTGATGGAGCAAAGAAGCCAAATTACCTTGTCACTGCTGATGATGTTGGTTTATGTCTTGCT,"['A', 'T']","['C', 'C']","[7924635, 7924641]","['A', 'T']",2
2393476,SRR1773555.53230221,1M85N43M3117N56M,Chr5,"[7924543, 7924629, 7924630, 7924631, 7924632, 7924633, 7924634, 7924635, 7924636, 7924637, 7924638, 7924639, 7924640, 7924641, 7924642, 7924643, 7924644, 7924645, 7924646, 7924647, 7924648, 7924649, 7924650, 7924651, 7924652, 7924653, 7924654, 7924655, 7924656, 7924657, 7924658, 7924659, 7924660, 7924661, 7924662, 7924663, 7924664, 7924665, 7924666, 7924667, 7924668, 7924669, 7924670, 7924671, 7927789, 7927790, 7927791, 7927792, 7927793, 7927794, 7927795, 7927796, 7927797, 7927798, 7927799, 7927800, 7927801, 7927802, 7927803, 7927804, 7927805, 7927806, 7927807, 7927808, 7927809, 7927810, 7927811, 7927812, 7927813, 7927814, 7927815, 7927816, 7927817, 7927818, 7927819, 7927820, 7927821, 7927822, 7927823, 7927824, 7927825, 7927826, 7927827, 7927828, 7927829, 7927830, 7927831, 7927832, 7927833, 7927834, 7927835, 7927836, 7927837, 7927838, 7927839, 7927840, 7927841, 7927842, 7927843, 7927844]",GTGGGTATGTCATCTAGAAGATGGATCTGTGAATTACATTGATGGAGCAAAGAAGCCAAATTACCTTGTCACTGCTGATGATGTTGGTTTATGTCTTGCT,"['A', 'T']","['C', 'C']","[7924635, 7924641]","['A', 'T']",2
2393477,SRR1773555.63199662,1M85N43M3117N56M,Chr5,"[7924543, 7924629, 7924630, 7924631, 7924632, 7924633, 7924634, 7924635, 7924636, 7924637, 7924638, 7924639, 7924640, 7924641, 7924642, 7924643, 7924644, 7924645, 7924646, 7924647, 7924648, 7924649, 7924650, 7924651, 7924652, 7924653, 7924654, 7924655, 7924656, 7924657, 7924658, 7924659, 7924660, 7924661, 7924662, 7924663, 7924664, 7924665, 7924666, 7924667, 7924668, 7924669, 7924670, 7924671, 7927789, 7927790, 7927791, 7927792, 7927793, 7927794, 7927795, 7927796, 7927797, 7927798, 7927799, 7927800, 7927801, 7927802, 7927803, 7927804, 7927805, 7927806, 7927807, 7927808, 7927809, 7927810, 7927811, 7927812, 7927813, 7927814, 7927815, 7927816, 7927817, 7927818, 7927819, 7927820, 7927821, 7927822, 7927823, 7927824, 7927825, 7927826, 7927827, 7927828, 7927829, 7927830, 7927831, 7927832, 7927833, 7927834, 7927835, 7927836, 7927837, 7927838, 7927839, 7927840, 7927841, 7927842, 7927843, 7927844]",GTGGGTATGTCATCTAGAAGATGGATCTGTGAATTACATTGATGGAGCAAAGAAGCCAAATTACCTTGTCGCTGCTGATGATGTTGGTTTATGTCTTGCT,"['A', 'T']","['C', 'C']","[7924635, 7924641]","['A', 'T']",2
2393483,SRR1773555.58935651,45M3117N55M,Chr5,"[7924627, 7924628, 7924629, 7924630, 7924631, 7924632, 7924633, 7924634, 7924635, 7924636, 7924637, 7924638, 7924639, 7924640, 7924641, 7924642, 7924643, 7924644, 7924645, 7924646, 7924647, 7924648, 7924649, 7924650, 7924651, 7924652, 7924653, 7924654, 7924655, 7924656, 7924657, 7924658, 7924659, 7924660, 7924661, 7924662, 7924663, 7924664, 7924665, 7924666, 7924667, 7924668, 7924669, 7924670, 7924671, 7927789, 7927790, 7927791, 7927792, 7927793, 7927794, 7927795, 7927796, 7927797, 7927798, 7927799, 7927800, 7927801, 7927802, 7927803, 7927804, 7927805, 7927806, 7927807, 7927808, 7927809, 7927810, 7927811, 7927812, 7927813, 7927814, 7927815, 7927816, 7927817, 7927818, 7927819, 7927820, 7927821, 7927822, 7927823, 7927824, 7927825, 7927826, 7927827, 7927828, 7927829, 7927830, 7927831, 7927832, 7927833, 7927834, 7927835, 7927836, 7927837, 7927838, 7927839, 7927840, 7927841, 7927842, 7927843]",AGTGGGTATGTCATCTAGAAGATGGATCTGTGAATTACATTGATGGAGCAAAGAAGCCAAATTACCTTGTCACTGCTGATGATGTTGGTTTATGTCTTGC,"['A', 'T']","['C', 'C']","[7924635, 7924641]","['A', 'T']",2
2393486,SRR1773555.4105346,44M3117N56M,Chr5,"[7924628, 7924629, 7924630, 7924631, 7924632, 7924633, 7924634, 7924635, 7924636, 7924637, 7924638, 7924639, 7924640, 7924641, 7924642, 7924643, 7924644, 7924645, 7924646, 7924647, 7924648, 7924649, 7924650, 7924651, 7924652, 7924653, 7924654, 7924655, 7924656, 7924657, 7924658, 7924659, 7924660, 7924661, 7924662, 7924663, 7924664, 7924665, 7924666, 7924667, 7924668, 7924669, 7924670, 7924671, 7927789, 7927790, 7927791, 7927792, 7927793, 7927794, 7927795, 7927796, 7927797, 7927798, 7927799, 7927800, 7927801, 7927802, 7927803, 7927804, 7927805, 7927806, 7927807, 7927808, 7927809, 7927810, 7927811, 7927812, 7927813, 7927814, 7927815, 7927816, 7927817, 7927818, 7927819, 7927820, 7927821, 7927822, 7927823, 7927824, 7927825, 7927826, 7927827, 7927828, 7927829, 7927830, 7927831, 7927832, 7927833, 7927834, 7927835, 7927836, 7927837, 7927838, 7927839, 7927840, 7927841, 7927842, 7927843, 7927844]",GTGGGTATGTCATCTAGAAGATGGATCTGTGAATTACATTGATGGAGCAAAGAAGCCAAATTACCTTGTCACTGCTGATGATGTTGGTTTATGTCTTGCT,"['A', 'T']","['C', 'C']","[7924635, 7924641]","['A', 'T']",2
2393487,SRR1773555.4105346,44M3117N56M,Chr5,"[7924628, 7924629, 7924630, 7924631, 7924632, 7924633, 7924634, 7924635, 7924636, 7924637, 7924638, 7924639, 7924640, 7924641, 7924642, 7924643, 7924644, 7924645, 7924646, 7924647, 7924648, 7924649, 7924650, 7924651, 7924652, 7924653, 7924654, 7924655, 7924656, 7924657, 7924658, 7924659, 7924660, 7924661, 7924662, 7924663, 7924664, 7924665, 7924666, 7924667, 7924668, 7924669, 7924670, 7924671, 7927789, 7927790, 7927791, 7927792, 7927793, 7927794, 7927795, 7927796, 7927797, 7927798, 7927799, 7927800, 7927801, 7927802, 7927803, 7927804, 7927805, 7927806, 7927807, 7927808, 7927809, 7927810, 7927811, 7927812, 7927813, 7927814, 7927815, 7927816, 7927817, 7927818, 7927819, 7927820, 7927821, 7927822, 7927823, 7927824, 7927825, 7927826, 7927827, 7927828, 7927829, 7927830, 7927831, 7927832, 7927833, 7927834, 7927835, 7927836, 7927837, 7927838, 7927839, 7927840, 7927841, 7927842, 7927843, 7927844]",GTGGGTATGTCATCTAGAAGATGGATCTGTGAATTACATTGATGGAGCAAAGAAGCCAAATTACCTTGTCACTGCTGATGATGTTGGTTTATGTCTTGCT,"['A', 'T']","['C', 'C']","[7924635, 7924641]","['A', 'T']",2
2393488,SRR1773555.6029359,44M3117N56M,Chr5,"[7924628, 7924629, 7924630, 7924631, 7924632, 7924633, 7924634, 7924635, 7924636, 7924637, 7924638, 7924639, 7924640, 7924641, 7924642, 7924643, 7924644, 7924645, 7924646, 7924647, 7924648, 7924649, 7924650, 7924651, 7924652, 7924653, 7924654, 7924655, 7924656, 7924657, 7924658, 7924659, 7924660, 7924661, 7924662, 7924663, 7924664, 7924665, 7924666, 7924667, 7924668, 7924669, 7924670, 7924671, 7927789, 7927790, 7927791, 7927792, 7927793, 7927794, 7927795, 7927796, 7927797, 7927798, 7927799, 7927800, 7927801, 7927802, 7927803, 7927804, 7927805, 7927806, 7927807, 7927808, 7927809, 7927810, 7927811, 7927812, 7927813, 7927814, 7927815, 7927816, 7927817, 7927818, 7927819, 7927820, 7927821, 7927822, 7927823, 7927824, 7927825, 7927826, 7927827, 7927828, 7927829, 7927830, 7927831, 7927832, 7927833, 7927834, 7927835, 7927836, 7927837, 7927838, 7927839, 7927840, 7927841, 7927842, 7927843, 7927844]",GTGGGTATGTCATCTAGAAGATGGATCTGTGAATTACATTGATGGAGCAAAGAAGCCAAATTACCTTGTCACTGCTGATGATGTTGGTTTATGTCTTGCT,"['A', 'T']","['C', 'C']","[7924635, 7924641]","['A', 'T']",2
2393489,SRR1773555.6029359,44M3117N56M,Chr5,"[7924628, 7924629, 7924630, 7924631, 7924632, 7924633, 7924634, 7924635, 7924636, 7924637, 7924638, 7924639, 7924640, 7924641, 7924642, 7924643, 7924644, 7924645, 7924646, 7924647, 7924648, 7924649, 7924650, 7924651, 7924652, 7924653, 7924654, 7924655, 7924656, 7924657, 7924658, 7924659, 7924660, 7924661, 7924662, 7924663, 7924664, 7924665, 7924666, 7924667, 7924668, 7924669, 7924670, 7924671, 7927789, 7927790, 7927791, 7927792, 7927793, 7927794, 7927795, 7927796, 7927797, 7927798, 7927799, 7927800, 7927801, 7927802, 7927803, 7927804, 7927805, 7927806, 7927807, 7927808, 7927809, 7927810, 7927811, 7927812, 7927813, 7927814, 7927815, 7927816, 7927817, 7927818, 7927819, 7927820, 7927821, 7927822, 7927823, 7927824, 7927825, 7927826, 7927827, 7927828, 7927829, 7927830, 7927831, 7927832, 7927833, 7927834, 7927835, 7927836, 7927837, 7927838, 7927839, 7927840, 7927841, 7927842, 7927843, 7927844]",GTGGGTATGTCATCTAGAAGATGGATCTGTGAATTACATTGATGGAGCAAAGAAGCCAAATTACCTTGTCACTGCTGATGATGTTGGTTTATGTCTTGCT,"['A', 'T']","['C', 'C']","[7924635, 7924641]","['A', 'T']",2
2393490,SRR1773555.6524168,44M3117N56M,Chr5,"[7924628, 7924629, 7924630, 7924631, 7924632, 7924633, 7924634, 7924635, 7924636, 7924637, 7924638, 7924639, 7924640, 7924641, 7924642, 7924643, 7924644, 7924645, 7924646, 7924647, 7924648, 7924649, 7924650, 7924651, 7924652, 7924653, 7924654, 7924655, 7924656, 7924657, 7924658, 7924659, 7924660, 7924661, 7924662, 7924663, 7924664, 7924665, 7924666, 7924667, 7924668, 7924669, 7924670, 7924671, 7927789, 7927790, 7927791, 7927792, 7927793, 7927794, 7927795, 7927796, 7927797, 7927798, 7927799, 7927800, 7927801, 7927802, 7927803, 7927804, 7927805, 7927806, 7927807, 7927808, 7927809, 7927810, 7927811, 7927812, 7927813, 7927814, 7927815, 7927816, 7927817, 7927818, 7927819, 7927820, 7927821, 7927822, 7927823, 7927824, 7927825, 7927826, 7927827, 7927828, 7927829, 7927830, 7927831, 7927832, 7927833, 7927834, 7927835, 7927836, 7927837, 7927838, 7927839, 7927840, 7927841, 7927842, 7927843, 7927844]",GTGGGTATGTCATCTAGAAGATGGATCTGTGAATTACATTGATGGAGCAAAGAAGCCAAATTACCTTGTCACTGCTGATGATGTTGGTTTATGTCTTGCT,"['A', 'T']","['C', 'C']","[7924635, 7924641]","['A', 'T']",2
2393491,SRR1773555.6524168,44M3117N56M,Chr5,"[7924628, 7924629, 7924630, 7924631, 7924632, 7924633, 7924634, 7924635, 7924636, 7924637, 7924638, 7924639, 7924640, 7924641, 7924642, 7924643, 7924644, 7924645, 7924646, 7924647, 7924648, 7924649, 7924650, 7924651, 7924652, 7924653, 7924654, 7924655, 7924656, 7924657, 7924658, 7924659, 7924660, 7924661, 7924662, 7924663, 7924664, 7924665, 7924666, 7924667, 7924668, 7924669, 7924670, 7924671, 7927789, 7927790, 7927791, 7927792, 7927793, 7927794, 7927795, 7927796, 7927797, 7927798, 7927799, 7927800, 7927801, 7927802, 7927803, 7927804, 7927805, 7927806, 7927807, 7927808, 7927809, 7927810, 7927811, 7927812, 7927813, 7927814, 7927815, 7927816, 7927817, 7927818, 7927819, 7927820, 7927821, 7927822, 7927823, 7927824, 7927825, 7927826, 7927827, 7927828, 7927829, 7927830, 7927831, 7927832, 7927833, 7927834, 7927835, 7927836, 7927837, 7927838, 7927839, 7927840, 7927841, 7927842, 7927843, 7927844]",GTGGGTATGTCATCTAGAAGATGGATCTGTGAATTACATTGATGGAGCAAAGAAGCCAAATTACCTTGTCACTGCTGATGATGTTGGTTTATGTCTTGCT,"['A', 'T']","['C', 'C']","[7924635, 7924641]","['A', 'T']",2
2393492,SRR1773555.47981484,44M3117N56M,Chr5,"[7924628, 7924629, 7924630, 7924631, 7924632, 7924633, 7924634, 7924635, 7924636, 7924637, 7924638, 7924639, 7924640, 7924641, 7924642, 7924643, 7924644, 7924645, 7924646, 7924647, 7924648, 7924649, 7924650, 7924651, 7924652, 7924653, 7924654, 7924655, 7924656, 7924657, 7924658, 7924659, 7924660, 7924661, 7924662, 7924663, 7924664, 7924665, 7924666, 7924667, 7924668, 7924669, 7924670, 7924671, 7927789, 7927790, 7927791, 7927792, 7927793, 7927794, 7927795, 7927796, 7927797, 7927798, 7927799, 7927800, 7927801, 7927802, 7927803, 7927804, 7927805, 7927806, 7927807, 7927808, 7927809, 7927810, 7927811, 7927812, 7927813, 7927814, 7927815, 7927816, 7927817, 7927818, 7927819, 7927820, 7927821, 7927822, 7927823, 7927824, 7927825, 7927826, 7927827, 7927828, 7927829, 7927830, 7927831, 7927832, 7927833, 7927834, 7927835, 7927836, 7927837, 7927838, 7927839, 7927840, 7927841, 7927842, 7927843, 7927844]",GTGGGTATGTCATCTAGAAGATGGATCTGTGAATTACATTGATGGAGCAAAGAAGCCAAATTACCTTGTCACTGCTGATGATGTTGGTTTATGTCTTGCT,"['A', 'T']","['C', 'C']","[7924635, 7924641]","['A', 'T']",2
2393493,SRR1773555.47981484,44M3117N56M,Chr5,"[7924628, 7924629, 7924630, 7924631, 7924632, 7924633, 7924634, 7924635, 7924636, 7924637, 7924638, 7924639, 7924640, 7924641, 7924642, 7924643, 7924644, 7924645, 7924646, 7924647, 7924648, 7924649, 7924650, 7924651, 7924652, 7924653, 7924654, 7924655, 7924656, 7924657, 7924658, 7924659, 7924660, 7924661, 7924662, 7924663, 7924664, 7924665, 7924666, 7924667, 7924668, 7924669, 7924670, 7924671, 7927789, 7927790, 7927791, 7927792, 7927793, 7927794, 7927795, 7927796, 7927797, 7927798, 7927799, 7927800, 7927801, 7927802, 7927803, 7927804, 7927805, 7927806, 7927807, 7927808, 7927809, 7927810, 7927811, 7927812, 7927813, 7927814, 7927815, 7927816, 7927817, 7927818, 7927819, 7927820, 7927821, 7927822, 7927823, 7927824, 7927825, 7927826, 7927827, 7927828, 7927829, 7927830, 7927831, 7927832, 7927833, 7927834, 7927835, 7927836, 7927837, 7927838, 7927839, 7927840, 7927841, 7927842, 7927843, 7927844]",GTGGGTATGTCATCTAGAAGATGGATCTGTGAATTACATTGATGGAGCAAAGAAGCCAAATTACCTTGTCACTGCTGATGATGTTGGTTTATGTCTTGCT,"['A', 'T']","['C', 'C']","[7924635, 7924641]","['A', 'T']",2
2393494,SRR1773555.51821833,44M3117N56M,Chr5,"[7924628, 7924629, 7924630, 7924631, 7924632, 7924633, 7924634, 7924635, 7924636, 7924637, 7924638, 7924639, 7924640, 7924641, 7924642, 7924643, 7924644, 7924645, 7924646, 7924647, 7924648, 7924649, 7924650, 7924651, 7924652, 7924653, 7924654, 7924655, 7924656, 7924657, 7924658, 7924659, 7924660, 7924661, 7924662, 7924663, 7924664, 7924665, 7924666, 7924667, 7924668, 7924669, 7924670, 7924671, 7927789, 7927790, 7927791, 7927792, 7927793, 7927794, 7927795, 7927796, 7927797, 7927798, 7927799, 7927800, 7927801, 7927802, 7927803, 7927804, 7927805, 7927806, 7927807, 7927808, 7927809, 7927810, 7927811, 7927812, 7927813, 7927814, 7927815, 7927816, 7927817, 7927818, 7927819, 7927820, 7927821, 7927822, 7927823, 7927824, 7927825, 7927826, 7927827, 7927828, 7927829, 7927830, 7927831, 7927832, 7927833, 7927834, 7927835, 7927836, 7927837, 7927838, 7927839, 7927840, 7927841, 7927842, 7927843, 7927844]",GTGGGTATGTCATCTAGAAGATGGATCTGTGAATTACATTGATGGAGCAAAGAAGCCAAATTACCTTGTCACTGCTGATGATGTTGGTTTATGTCTTGCT,"['A', 'T']","['C', 'C']","[7924635, 7924641]","['A', 'T']",2
2393495,SRR1773555.51821833,44M3117N56M,Chr5,"[7924628, 7924629, 7924630, 7924631, 7924632, 7924633, 7924634, 7924635, 7924636, 7924637, 7924638, 7924639, 7924640, 7924641, 7924642, 7924643, 7924644, 7924645, 7924646, 7924647, 7924648, 7924649, 7924650, 7924651, 7924652, 7924653, 7924654, 7924655, 7924656, 7924657, 7924658, 7924659, 7924660, 7924661, 7924662, 7924663, 7924664, 7924665, 7924666, 7924667, 7924668, 7924669, 7924670, 7924671, 7927789, 7927790, 7927791, 7927792, 7927793, 7927794, 7927795, 7927796, 7927797, 7927798, 7927799, 7927800, 7927801, 7927802, 7927803, 7927804, 7927805, 7927806, 7927807, 7927808, 7927809, 7927810, 7927811, 7927812, 7927813, 7927814, 7927815, 7927816, 7927817, 7927818, 7927819, 7927820, 7927821, 7927822, 7927823, 7927824, 7927825, 7927826, 7927827, 7927828, 7927829, 7927830, 7927831, 7927832, 7927833, 7927834, 7927835, 7927836, 7927837, 7927838, 7927839, 7927840, 7927841, 7927842, 7927843, 7927844]",GTGGGTATGTCATCTAGAAGATGGATCTGTGAATTACATTGATGGAGCAAAGAAGCCAAATTACCTTGTCACTGCTGATGATGTTGGTTTATGTCTTGCT,"['A', 'T']","['C', 'C']","[7924635, 7924641]","['A', 'T']",2
2393496,SRR1773555.53230221,44M3117N56M,Chr5,"[7924628, 7924629, 7924630, 7924631, 7924632, 7924633, 7924634, 7924635, 7924636, 7924637, 7924638, 7924639, 7924640, 7924641, 7924642, 7924643, 7924644, 7924645, 7924646, 7924647, 7924648, 7924649, 7924650, 7924651, 7924652, 7924653, 7924654, 7924655, 7924656, 7924657, 7924658, 7924659, 7924660, 7924661, 7924662, 7924663, 7924664, 7924665, 7924666, 7924667, 7924668, 7924669, 7924670, 7924671, 7927789, 7927790, 7927791, 7927792, 7927793, 7927794, 7927795, 7927796, 7927797, 7927798, 7927799, 7927800, 7927801, 7927802, 7927803, 7927804, 7927805, 7927806, 7927807, 7927808, 7927809, 7927810, 7927811, 7927812, 7927813, 7927814, 7927815, 7927816, 7927817, 7927818, 7927819, 7927820, 7927821, 7927822, 7927823, 7927824, 7927825, 7927826, 7927827, 7927828, 7927829, 7927830, 7927831, 7927832, 7927833, 7927834, 7927835, 7927836, 7927837, 7927838, 7927839, 7927840, 7927841, 7927842, 7927843, 7927844]",GTGGGTATGTCATCTAGAAGATGGATCTGTGAATTACATTGATGGAGCAAAGAAGCCAAATTACCTTGTCACTGCTGATGATGTTGGTTTATGTCTTGCT,"['A', 'T']","['C', 'C']","[7924635, 7924641]","['A', 'T']",2
2393497,SRR1773555.53230221,44M3117N56M,Chr5,"[7924628, 7924629, 7924630, 7924631, 7924632, 7924633, 7924634, 7924635, 7924636, 7924637, 7924638, 7924639, 7924640, 7924641, 7924642, 7924643, 7924644, 7924645, 7924646, 7924647, 7924648, 7924649, 7924650, 7924651, 7924652, 7924653, 7924654, 7924655, 7924656, 7924657, 7924658, 7924659, 7924660, 7924661, 7924662, 7924663, 7924664, 7924665, 7924666, 7924667, 7924668, 7924669, 7924670, 7924671, 7927789, 7927790, 7927791, 7927792, 7927793, 7927794, 7927795, 7927796, 7927797, 7927798, 7927799, 7927800, 7927801, 7927802, 7927803, 7927804, 7927805, 7927806, 7927807, 7927808, 7927809, 7927810, 7927811, 7927812, 7927813, 7927814, 7927815, 7927816, 7927817, 7927818, 7927819, 7927820, 7927821, 7927822, 7927823, 7927824, 7927825, 7927826, 7927827, 7927828, 7927829, 7927830, 7927831, 7927832, 7927833, 7927834, 7927835, 7927836, 7927837, 7927838, 7927839, 7927840, 7927841, 7927842, 7927843, 7927844]",GTGGGTATGTCATCTAGAAGATGGATCTGTGAATTACATTGATGGAGCAAAGAAGCCAAATTACCTTGTCACTGCTGATGATGTTGGTTTATGTCTTGCT,"['A', 'T']","['C', 'C']","[7924635, 7924641]","['A', 'T']",2
2393498,SRR1773555.63199662,44M3117N56M,Chr5,"[7924628, 7924629, 7924630, 7924631, 7924632, 7924633, 7924634, 7924635, 7924636, 7924637, 7924638, 7924639, 7924640, 7924641, 7924642, 7924643, 7924644, 7924645, 7924646, 7924647, 7924648, 7924649, 7924650, 7924651, 7924652, 7924653, 7924654, 7924655, 7924656, 7924657, 7924658, 7924659, 7924660, 7924661, 7924662, 7924663, 7924664, 7924665, 7924666, 7924667, 7924668, 7924669, 7924670, 7924671, 7927789, 7927790, 7927791, 7927792, 7927793, 7927794, 7927795, 7927796, 7927797, 7927798, 7927799, 7927800, 7927801, 7927802, 7927803, 7927804, 7927805, 7927806, 7927807, 7927808, 7927809, 7927810, 7927811, 7927812, 7927813, 7927814, 7927815, 7927816, 7927817, 7927818, 7927819, 7927820, 7927821, 7927822, 7927823, 7927824, 7927825, 7927826, 7927827, 7927828, 7927829, 7927830, 7927831, 7927832, 7927833, 7927834, 7927835, 7927836, 7927837, 7927838, 7927839, 7927840, 7927841, 7927842, 7927843, 7927844]",GTGGGTATGTCATCTAGAAGATGGATCTGTGAATTACATTGATGGAGCAAAGAAGCCAAATTACCTTGTCGCTGCTGATGATGTTGGTTTATGTCTTGCT,"['A', 'T']","['C', 'C']","[7924635, 7924641]","['A', 'T']",2
2393499,SRR1773555.63199662,44M3117N56M,Chr5,"[7924628, 7924629, 7924630, 7924631, 7924632, 7924633, 7924634, 7924635, 7924636, 7924637, 7924638, 7924639, 7924640, 7924641, 7924642, 7924643, 7924644, 7924645, 7924646, 7924647, 7924648, 7924649, 7924650, 7924651, 7924652, 7924653, 7924654, 7924655, 7924656, 7924657, 7924658, 7924659, 7924660, 7924661, 7924662, 7924663, 7924664, 7924665, 7924666, 7924667, 7924668, 7924669, 7924670, 7924671, 7927789, 7927790, 7927791, 7927792, 7927793, 7927794, 7927795, 7927796, 7927797, 7927798, 7927799, 7927800, 7927801, 7927802, 7927803, 7927804, 7927805, 7927806, 7927807, 7927808, 7927809, 7927810, 7927811, 7927812, 7927813, 7927814, 7927815, 7927816, 7927817, 7927818, 7927819, 7927820, 7927821, 7927822, 7927823, 7927824, 7927825, 7927826, 7927827, 7927828, 7927829, 7927830, 7927831, 7927832, 7927833, 7927834, 7927835, 7927836, 7927837, 7927838, 7927839, 7927840, 7927841, 7927842, 7927843, 7927844]",GTGGGTATGTCATCTAGAAGATGGATCTGTGAATTACATTGATGGAGCAAAGAAGCCAAATTACCTTGTCGCTGCTGATGATGTTGGTTTATGTCTTGCT,"['A', 'T']","['C', 'C']","[7924635, 7924641]","['A', 'T']",2
2403525,SRR1773555.23877848,54M97N40M90N6M,Chr5,"[8270420, 8270421, 8270422, 8270423, 8270424, 8270425, 8270426, 8270427, 8270428, 8270429, 8270430, 8270431, 8270432, 8270433, 8270434, 8270435, 8270436, 8270437, 8270438, 8270439, 8270440, 8270441, 8270442, 8270443, 8270444, 8270445, 8270446, 8270447, 8270448, 8270449, 8270450, 8270451, 8270452, 8270453, 8270454, 8270455, 8270456, 8270457, 8270458, 8270459, 8270460, 8270461, 8270462, 8270463, 8270464, 8270465, 8270466, 8270467, 8270468, 8270469, 8270470, 8270471, 8270472, 8270473, 8270571, 8270572, 8270573, 8270574, 8270575, 8270576, 8270577, 8270578, 8270579, 8270580, 8270581, 8270582, 8270583, 8270584, 8270585, 8270586, 8270587, 8270588, 8270589, 8270590, 8270591, 8270592, 8270593, 8270594, 8270595, 8270596, 8270597, 8270598, 8270599, 8270600, 8270601, 8270602, 8270603, 8270604, 8270605, 8270606, 8270607, 8270608, 8270609, 8270610, 8270701, 8270702, 8270703, 8270704, 8270705, 8270706]",TACGGTTGAGAATTTCAACCCTTATGCAGAAGTTGGAGCTGGTGCTGGTACAGGGTGGGTCTTCACTCCCTTGTCGAAAGATAGCATGGTCTCGGCCTTG,"['T', 'G']","['G', 'A']","[8270453, 8270464]","['T', 'G']",2
2403526,SRR1773555.41167008,54M97N40M90N6M,Chr5,"[8270420, 8270421, 8270422, 8270423, 8270424, 8270425, 8270426, 8270427, 8270428, 8270429, 8270430, 8270431, 8270432, 8270433, 8270434, 8270435, 8270436, 8270437, 8270438, 8270439, 8270440, 8270441, 8270442, 8270443, 8270444, 8270445, 8270446, 8270447, 8270448, 8270449, 8270450, 8270451, 8270452, 8270453, 8270454, 8270455, 8270456, 8270457, 8270458, 8270459, 8270460, 8270461, 8270462, 8270463, 8270464, 8270465, 8270466, 8270467, 8270468, 8270469, 8270470, 8270471, 8270472, 8270473, 8270571, 8270572, 8270573, 8270574, 8270575, 8270576, 8270577, 8270578, 8270579, 8270580, 8270581, 8270582, 8270583, 8270584, 8270585, 8270586, 8270587, 8270588, 8270589, 8270590, 8270591, 8270592, 8270593, 8270594, 8270595, 8270596, 8270597, 8270598, 8270599, 8270600, 8270601, 8270602, 8270603, 8270604, 8270605, 8270606, 8270607, 8270608, 8270609, 8270610, 8270701, 8270702, 8270703, 8270704, 8270705, 8270706]",TACGGTTGAGAATTTCAACCCTTATGCAGAAGTTGGAGCTGGTGCTGGTACAGGGTGGGTCTTCACTCCCTTGTCGAAAGATAGCATGGTCTCGGCCTTG,"['T', 'G']","['G', 'A']","[8270453, 8270464]","['T', 'G']",2
2529776,SRR1773555.1356264,42M170N58M,Chr5,"[17176797, 17176798, 17176799, 17176800, 17176801, 17176802, 17176803, 17176804, 17176805, 17176806, 17176807, 17176808, 17176809, 17176810, 17176811, 17176812, 17176813, 17176814, 17176815, 17176816, 17176817, 17176818, 17176819, 17176820, 17176821, 17176822, 17176823, 17176824, 17176825, 17176826, 17176827, 17176828, 17176829, 17176830, 17176831, 17176832, 17176833, 17176834, 17176835, 17176836, 17176837, 17176838, 17177009, 17177010, 17177011, 17177012, 17177013, 17177014, 17177015, 17177016, 17177017, 17177018, 17177019, 17177020, 17177021, 17177022, 17177023, 17177024, 17177025, 17177026, 17177027, 17177028, 17177029, 17177030, 17177031, 17177032, 17177033, 17177034, 17177035, 17177036, 17177037, 17177038, 17177039, 17177040, 17177041, 17177042, 17177043, 17177044, 17177045, 17177046, 17177047, 17177048, 17177049, 17177050, 17177051, 17177052, 17177053, 17177054, 17177055, 17177056, 17177057, 17177058, 17177059, 17177060, 17177061, 17177062, 17177063, 17177064, 17177065, 17177066]",GTGAATCATGATGGACACACCATCAGCCTCTTATCAGTCCAGGTGACAGAATTGGTAGATGGAATTTTCATAGGACTTTCTATGAACCATGCGATGGGAG,"['C', 'A', 'T']","['G', 'T', 'G']","[17176821, 17176833, 17177045]","['C', 'A', 'T']",3
2630685,SRR1773555.34948360,68M107N32M,Chr5,"[18489404, 18489405, 18489406, 18489407, 18489408, 18489409, 18489410, 18489411, 18489412, 18489413, 18489414, 18489415, 18489416, 18489417, 18489418, 18489419, 18489420, 18489421, 18489422, 18489423, 18489424, 18489425, 18489426, 18489427, 18489428, 18489429, 18489430, 18489431, 18489432, 18489433, 18489434, 18489435, 18489436, 18489437, 18489438, 18489439, 18489440, 18489441, 18489442, 18489443, 18489444, 18489445, 18489446, 18489447, 18489448, 18489449, 18489450, 18489451, 18489452, 18489453, 18489454, 18489455, 18489456, 18489457, 18489458, 18489459, 18489460, 18489461, 18489462, 18489463, 18489464, 18489465, 18489466, 18489467, 18489468, 18489469, 18489470, 18489471, 18489579, 18489580, 18489581, 18489582, 18489583, 18489584, 18489585, 18489586, 18489587, 18489588, 18489589, 18489590, 18489591, 18489592, 18489593, 18489594, 18489595, 18489596, 18489597, 18489598, 18489599, 18489600, 18489601, 18489602, 18489603, 18489604, 18489605, 18489606, 18489607, 18489608, 18489609, 18489610]",TGGGACAATGGTTCATGAGTTTCTCTGAAGCGGATGAGTTGTTACAGCTCGCAGCTGCTCGTCAACAGGTACAAGCTCATATTGCGAAACTGAGGCGACA,"['G', 'G', 'C']","['A', 'A', 'T']","[18489436, 18489445, 18489454]","['G', 'G', 'C']",3
